id,class
1,15
2,20
3,4
4,5
5,8
6,10
7,17
8,2
9,2
10,6
11,19
12,9
13,7
14,12
15,20
16,11
17,16
18,10
19,15
20,15
21,9
22,17
23,6
24,9
25,17
26,16
27,15
28,10
29,14
30,5
31,1
32,16
33,14
34,9
35,7
36,11
37,11
38,12
39,18
40,2
41,18
42,18
43,6
44,17
45,11
46,15
47,17
48,15
49,9
50,19
51,14
52,7
53,18
54,9
55,20
56,17
57,20
58,7
59,4
60,3
61,12
62,8
63,9
64,4
65,6
66,20
67,15
68,5
69,20
70,15
71,17
72,3
73,16
74,1
75,16
76,3
77,10
78,11
79,9
80,20
81,19
82,8
83,19
84,16
85,11
86,10
87,1
88,2
89,19
90,7
91,14
92,9
93,15
94,9
95,3
96,8
97,8
98,7
99,20
100,19
101,3
102,5
103,18
104,2
105,13
106,2
107,14
108,4
109,8
110,11
111,17
112,16
113,5
114,4
115,18
116,19
117,4
118,10
119,2
120,15
121,9
122,13
123,7
124,15
125,9
126,4
127,16
128,6
129,3
130,7
131,5
132,17
133,14
134,5
135,6
136,14
137,14
138,4
139,15
140,16
141,11
142,20
143,9
144,11
145,18
146,17
147,14
148,1
149,17
150,19
151,18
152,20
153,15
154,15
155,8
156,14
157,19
158,4
159,20
160,7
161,9
162,20
163,16
164,6
165,10
166,19
167,9
168,18
169,13
170,1
171,4
172,3
173,8
174,20
175,14
176,2
177,16
178,11
179,6
180,16
181,2
182,16
183,2
184,12
185,15
186,1
187,1
188,20
189,14
190,11
191,9
192,9
193,7
194,13
195,16
196,8
197,9
198,1
199,2
200,8
201,7
202,7
203,4
204,13
205,10
206,16
207,19
208,4
209,16
210,20
211,11
212,19
213,11
214,6
215,14
216,20
217,20
218,13
219,20
220,13
221,20
222,17
223,3
224,10
225,16
226,13
227,5
228,2
229,3
230,13
231,1
232,1
233,7
234,9
235,4
236,2
237,4
238,19
239,10
240,14
241,16
242,1
243,5
244,3
245,15
246,7
247,5
248,7
249,8
250,11
251,18
252,2
253,17
254,3
255,17
256,10
257,6
258,16
259,13
260,7
261,14
262,6
263,9
264,7
265,1
266,7
267,10
268,5
269,7
270,19
271,18
272,7
273,3
274,18
275,7
276,6
277,14
278,16
279,19
280,3
281,8
282,14
283,12
284,11
285,12
286,16
287,10
288,2
289,14
290,11
291,10
292,3
293,11
294,11
295,3
296,1
297,8
298,11
299,4
300,11
301,19
302,13
303,4
304,17
305,18
306,3
307,13
308,11
309,15
310,19
311,12
312,18
313,3
314,1
315,19
316,5
317,13
318,9
319,19
320,6
321,8
322,6
323,17
324,13
325,10
326,17
327,8
328,17
329,8
330,7
331,2
332,9
333,10
334,1
335,4
336,12
337,14
338,5
339,2
340,6
341,1
342,19
343,12
344,6
345,15
346,17
347,6
348,18
349,3
350,16
351,3
352,17
353,5
354,14
355,1
356,13
357,15
358,4
359,4
360,11
361,11
362,15
363,18
364,10
365,17
366,8
367,19
368,16
369,12
370,13
371,7
372,18
373,18
374,9
375,18
376,15
377,11
378,14
379,2
380,12
381,10
382,8
383,18
384,10
385,6
386,10
387,1
388,3
389,1
390,8
391,9
392,2
393,20
394,19
395,19
396,8
397,10
398,11
399,8
400,10
401,17
402,9
403,4
404,17
405,16
406,13
407,16
408,5
409,7
410,14
411,2
412,3
413,5
414,12
415,3
416,13
417,20
418,3
419,8
420,17
421,13
422,18
423,11
424,13
425,15
426,6
427,19
428,1
429,18
430,19
431,1
432,1
433,6
434,20
435,17
436,1
437,14
438,12
439,16
440,10
441,10
442,1
443,14
444,10
445,13
446,3
447,15
448,11
449,20
450,5
451,20
452,11
453,15
454,15
455,17
456,16
457,6
458,1
459,4
460,19
461,5
462,20
463,3
464,4
465,13
466,15
467,5
468,9
469,12
470,8
471,2
472,3
473,9
474,13
475,18
476,12
477,20
478,5
479,10
480,5
481,12
482,9
483,10
484,20
485,16
486,13
487,9
488,17
489,1
490,17
491,2
492,10
493,8
494,1
495,9
496,16
497,7
498,3
499,17
500,3
501,6
502,4
503,17
504,1
505,9
506,4
507,14
508,5
509,6
510,17
511,14
512,14
513,17
514,12
515,10
516,3
517,3
518,6
519,19
520,7
521,6
522,16
523,18
524,2
525,15
526,10
527,7
528,12
529,13
530,6
531,10
532,8
533,19
534,13
535,6
536,17
537,9
538,16
539,8
540,15
541,7
542,19
543,15
544,16
545,3
546,14
547,12
548,2
549,2
550,5
551,8
552,7
553,11
554,19
555,17
556,5
557,9
558,9
559,17
560,12
561,7
562,12
563,19
564,20
565,19
566,16
567,2
568,1
569,1
570,13
571,10
572,5
573,18
574,9
575,2
576,3
577,4
578,11
579,1
580,12
581,15
582,4
583,4
584,18
585,3
586,3
587,2
588,14
589,2
590,6
591,14
592,3
593,12
594,15
595,17
596,15
597,12
598,1
599,5
600,16
601,14
602,13
603,4
604,8
605,3
606,7
607,12
608,14
609,8
610,2
611,3
612,2
613,4
614,6
615,17
616,20
617,1
618,17
619,18
620,3
621,12
622,16
623,2
624,5
625,14
626,5
627,8
628,14
629,8
630,4
631,3
632,18
633,5
634,10
635,10
636,2
637,6
638,3
639,19
640,6
641,11
642,13
643,15
644,3
645,14
646,7
647,11
648,16
649,8
650,1
651,16
652,17
653,19
654,2
655,19
656,13
657,3
658,14
659,8
660,3
661,19
662,20
663,11
664,11
665,16
666,13
667,8
668,8
669,17
670,19
671,19
672,15
673,20
674,19
675,16
676,2
677,6
678,4
679,16
680,17
681,5
682,10
683,7
684,14
685,3
686,1
687,8
688,5
689,14
690,11
691,10
692,13
693,1
694,6
695,13
696,2
697,18
698,10
699,18
700,20
701,10
702,2
703,9
704,14
705,11
706,11
707,2
708,3
709,13
710,10
711,20
712,13
713,5
714,5
715,5
716,12
717,5
718,15
719,3
720,6
721,17
722,1
723,7
724,8
725,9
726,12
727,8
728,20
729,4
730,8
731,15
732,4
733,4
734,19
735,1
736,12
737,15
738,3
739,10
740,16
741,7
742,4
743,13
744,4
745,1
746,13
747,16
748,7
749,19
750,16
751,10
752,3
753,10
754,20
755,13
756,19
757,16
758,9
759,4
760,16
761,20
762,6
763,18
764,17
765,15
766,8
767,4
768,15
769,20
770,8
771,20
772,11
773,20
774,17
775,14
776,11
777,2
778,3
779,10
780,10
781,17
782,17
783,2
784,19
785,12
786,12
787,20
788,12
789,5
790,14
791,16
792,19
793,7
794,2
795,3
796,18
797,18
798,3
799,4
800,16
801,9
802,2
803,20
804,17
805,13
806,19
807,8
808,16
809,19
810,1
811,18
812,2
813,20
814,9
815,18
816,18
817,8
818,4
819,14
820,19
821,4
822,9
823,19
824,1
825,5
826,20
827,6
828,14
829,5
830,3
831,6
832,18
833,9
834,9
835,6
836,9
837,11
838,1
839,11
840,19
841,16
842,10
843,10
844,1
845,4
846,3
847,4
848,19
849,18
850,10
851,20
852,6
853,7
854,10
855,18
856,19
857,16
858,5
859,9
860,7
861,11
862,19
863,18
864,11
865,1
866,14
867,1
868,8
869,10
870,20
871,5
872,3
873,15
874,3
875,6
876,8
877,6
878,16
879,16
880,7
881,1
882,7
883,14
884,1
885,20
886,7
887,14
888,15
889,16
890,2
891,2
892,15
893,14
894,13
895,15
896,3
897,8
898,18
899,2
900,2
901,16
902,5
903,16
904,20
905,16
906,5
907,9
908,17
909,3
910,15
911,12
912,16
913,15
914,7
915,11
916,5
917,16
918,2
919,17
920,18
921,3
922,13
923,2
924,7
925,16
926,8
927,18
928,12
929,19
930,7
931,15
932,5
933,7
934,17
935,10
936,17
937,9
938,3
939,20
940,16
941,16
942,17
943,17
944,11
945,12
946,18
947,12
948,13
949,8
950,18
951,16
952,10
953,20
954,1
955,4
956,19
957,3
958,5
959,20
960,19
961,11
962,1
963,12
964,17
965,7
966,10
967,18
968,4
969,8
970,4
971,3
972,18
973,18
974,13
975,11
976,3
977,4
978,17
979,20
980,17
981,19
982,15
983,4
984,14
985,14
986,3
987,19
988,15
989,12
990,7
991,15
992,2
993,2
994,7
995,14
996,1
997,17
998,4
999,8
1000,14
1001,17
1002,1
1003,10
1004,15
1005,11
1006,12
1007,15
1008,14
1009,17
1010,7
1011,6
1012,13
1013,18
1014,17
1015,4
1016,13
1017,1
1018,9
1019,5
1020,2
1021,20
1022,4
1023,20
1024,2
1025,2
1026,19
1027,19
1028,3
1029,8
1030,17
1031,3
1032,11
1033,18
1034,20
1035,18
1036,14
1037,9
1038,6
1039,3
1040,14
1041,13
1042,4
1043,6
1044,2
1045,18
1046,19
1047,4
1048,4
1049,3
1050,4
1051,3
1052,9
1053,3
1054,2
1055,13
1056,6
1057,11
1058,10
1059,14
1060,8
1061,4
1062,2
1063,13
1064,7
1065,6
1066,10
1067,8
1068,20
1069,18
1070,15
1071,17
1072,13
1073,4
1074,8
1075,15
1076,18
1077,13
1078,9
1079,1
1080,7
1081,4
1082,17
1083,4
1084,14
1085,18
1086,16
1087,1
1088,2
1089,17
1090,1
1091,9
1092,11
1093,17
1094,2
1095,1
1096,4
1097,3
1098,3
1099,14
1100,1
1101,20
1102,6
1103,18
1104,16
1105,6
1106,14
1107,20
1108,1
1109,14
1110,19
1111,19
1112,10
1113,3
1114,6
1115,7
1116,17
1117,18
1118,13
1119,3
1120,7
1121,1
1122,14
1123,3
1124,17
1125,6
1126,5
1127,19
1128,9
1129,2
1130,17
1131,11
1132,2
1133,19
1134,13
1135,16
1136,8
1137,15
1138,13
1139,6
1140,20
1141,17
1142,2
1143,3
1144,16
1145,20
1146,6
1147,9
1148,14
1149,4
1150,10
1151,7
1152,15
1153,6
1154,17
1155,20
1156,16
1157,18
1158,7
1159,5
1160,4
1161,6
1162,8
1163,3
1164,16
1165,1
1166,3
1167,2
1168,8
1169,1
1170,12
1171,6
1172,19
1173,2
1174,6
1175,7
1176,11
1177,19
1178,8
1179,13
1180,20
1181,13
1182,11
1183,9
1184,2
1185,8
1186,16
1187,16
1188,1
1189,17
1190,17
1191,5
1192,15
1193,11
1194,14
1195,8
1196,9
1197,11
1198,9
1199,7
1200,10
1201,13
1202,15
1203,19
1204,11
1205,10
1206,17
1207,16
1208,11
1209,12
1210,3
1211,3
1212,3
1213,6
1214,3
1215,13
1216,12
1217,5
1218,17
1219,8
1220,4
1221,11
1222,6
1223,7
1224,16
1225,19
1226,14
1227,19
1228,12
1229,7
1230,13
1231,7
1232,14
1233,13
1234,17
1235,2
1236,3
1237,3
1238,7
1239,6
1240,4
1241,18
1242,3
1243,4
1244,8
1245,14
1246,3
1247,3
1248,14
1249,10
1250,9
1251,10
1252,7
1253,19
1254,13
1255,12
1256,11
1257,16
1258,1
1259,17
1260,9
1261,13
1262,9
1263,14
1264,19
1265,10
1266,12
1267,15
1268,17
1269,6
1270,15
1271,15
1272,11
1273,9
1274,6
1275,3
1276,4
1277,12
1278,4
1279,5
1280,7
1281,19
1282,6
1283,13
1284,1
1285,19
1286,18
1287,12
1288,9
1289,14
1290,11
1291,14
1292,15
1293,7
1294,2
1295,10
1296,8
1297,13
1298,5
1299,18
1300,6
1301,12
1302,6
1303,4
1304,12
1305,9
1306,20
1307,12
1308,18
1309,7
1310,4
1311,1
1312,3
1313,4
1314,4
1315,7
1316,13
1317,20
1318,20
1319,20
1320,13
1321,3
1322,7
1323,11
1324,10
1325,19
1326,18
1327,13
1328,12
1329,1
1330,1
1331,4
1332,8
1333,3
1334,6
1335,8
1336,4
1337,7
1338,5
1339,3
1340,1
1341,19
1342,14
1343,9
1344,18
1345,7
1346,8
1347,6
1348,18
1349,8
1350,3
1351,1
1352,1
1353,19
1354,9
1355,5
1356,14
1357,20
1358,1
1359,6
1360,7
1361,15
1362,17
1363,9
1364,17
1365,8
1366,3
1367,12
1368,20
1369,13
1370,20
1371,7
1372,11
1373,12
1374,20
1375,20
1376,7
1377,16
1378,3
1379,12
1380,1
1381,16
1382,6
1383,18
1384,1
1385,12
1386,19
1387,2
1388,12
1389,4
1390,20
1391,13
1392,8
1393,5
1394,1
1395,4
1396,15
1397,8
1398,19
1399,15
1400,2
1401,11
1402,17
1403,10
1404,18
1405,1
1406,16
1407,17
1408,10
1409,4
1410,1
1411,2
1412,11
1413,10
1414,7
1415,17
1416,10
1417,6
1418,18
1419,9
1420,11
1421,11
1422,3
1423,11
1424,7
1425,2
1426,2
1427,10
1428,6
1429,10
1430,13
1431,20
1432,6
1433,13
1434,8
1435,19
1436,12
1437,15
1438,10
1439,4
1440,8
1441,14
1442,16
1443,1
1444,15
1445,15
1446,13
1447,19
1448,8
1449,5
1450,16
1451,5
1452,17
1453,3
1454,17
1455,5
1456,9
1457,11
1458,16
1459,17
1460,18
1461,19
1462,4
1463,10
1464,13
1465,10
1466,15
1467,17
1468,11
1469,17
1470,16
1471,1
1472,13
1473,15
1474,10
1475,20
1476,11
1477,17
1478,3
1479,15
1480,1
1481,13
1482,11
1483,13
1484,1
1485,2
1486,19
1487,1
1488,10
1489,13
1490,9
1491,16
1492,16
1493,16
1494,12
1495,10
1496,9
1497,13
1498,7
1499,2
1500,16
1501,1
1502,17
1503,6
1504,6
1505,7
1506,8
1507,9
1508,1
1509,9
1510,14
1511,4
1512,13
1513,17
1514,13
1515,17
1516,2
1517,6
1518,20
1519,4
1520,18
1521,4
1522,3
1523,1
1524,16
1525,12
1526,12
1527,12
1528,5
1529,16
1530,16
1531,14
1532,18
1533,14
1534,18
1535,14
1536,1
1537,8
1538,11
1539,16
1540,19
1541,3
1542,10
1543,10
1544,8
1545,19
1546,7
1547,9
1548,2
1549,20
1550,18
1551,12
1552,10
1553,1
1554,5
1555,4
1556,1
1557,12
1558,8
1559,14
1560,20
1561,12
1562,9
1563,1
1564,15
1565,16
1566,19
1567,20
1568,1
1569,13
1570,16
1571,2
1572,6
1573,2
1574,10
1575,4
1576,3
1577,18
1578,10
1579,2
1580,7
1581,18
1582,17
1583,18
1584,8
1585,6
1586,12
1587,14
1588,16
1589,14
1590,16
1591,5
1592,12
1593,9
1594,9
1595,11
1596,3
1597,4
1598,5
1599,13
1600,17
1601,11
1602,6
1603,17
1604,16
1605,2
1606,16
1607,8
1608,5
1609,14
1610,20
1611,18
1612,3
1613,6
1614,19
1615,15
1616,2
1617,4
1618,16
1619,6
1620,2
1621,11
1622,5
1623,8
1624,20
1625,1
1626,19
1627,13
1628,18
1629,20
1630,11
1631,11
1632,8
1633,16
1634,12
1635,8
1636,4
1637,7
1638,10
1639,9
1640,9
1641,17
1642,13
1643,8
1644,15
1645,6
1646,20
1647,9
1648,10
1649,19
1650,18
1651,16
1652,1
1653,2
1654,1
1655,4
1656,4
1657,12
1658,20
1659,8
1660,3
1661,17
1662,20
1663,8
1664,13
1665,11
1666,17
1667,2
1668,14
1669,9
1670,7
1671,5
1672,10
1673,2
1674,15
1675,12
1676,15
1677,12
1678,17
1679,6
1680,5
1681,6
1682,17
1683,12
1684,1
1685,5
1686,9
1687,16
1688,11
1689,15
1690,5
1691,1
1692,13
1693,7
1694,9
1695,6
1696,2
1697,18
1698,6
1699,3
1700,2
1701,11
1702,1
1703,11
1704,20
1705,5
1706,19
1707,1
1708,10
1709,19
1710,16
1711,16
1712,4
1713,5
1714,14
1715,13
1716,7
1717,14
1718,11
1719,11
1720,20
1721,18
1722,6
1723,13
1724,4
1725,16
1726,15
1727,2
1728,18
1729,20
1730,9
1731,14
1732,7
1733,14
1734,16
1735,16
1736,3
1737,3
1738,4
1739,8
1740,19
1741,1
1742,5
1743,20
1744,16
1745,4
1746,3
1747,8
1748,1
1749,17
1750,17
1751,1
1752,19
1753,15
1754,18
1755,20
1756,1
1757,3
1758,8
1759,19
1760,6
1761,14
1762,12
1763,6
1764,7
1765,1
1766,17
1767,12
1768,5
1769,10
1770,9
1771,9
1772,9
1773,6
1774,6
1775,8
1776,19
1777,18
1778,3
1779,17
1780,16
1781,13
1782,17
1783,17
1784,4
1785,6
1786,16
1787,11
1788,5
1789,17
1790,17
1791,12
1792,1
1793,3
1794,2
1795,1
1796,16
1797,20
1798,18
1799,20
1800,19
1801,5
1802,8
1803,11
1804,6
1805,11
1806,16
1807,18
1808,18
1809,12
1810,20
1811,19
1812,1
1813,19
1814,8
1815,15
1816,3
1817,5
1818,20
1819,10
1820,3
1821,15
1822,4
1823,10
1824,6
1825,8
1826,7
1827,17
1828,19
1829,16
1830,15
1831,9
1832,8
1833,1
1834,7
1835,1
1836,17
1837,8
1838,10
1839,19
1840,6
1841,4
1842,7
1843,15
1844,2
1845,17
1846,17
1847,4
1848,16
1849,9
1850,13
1851,16
1852,10
1853,20
1854,20
1855,19
1856,3
1857,11
1858,17
1859,16
1860,3
1861,3
1862,19
1863,20
1864,19
1865,4
1866,4
1867,4
1868,12
1869,6
1870,6
1871,2
1872,6
1873,19
1874,12
1875,19
1876,20
1877,1
1878,13
1879,19
1880,11
1881,11
1882,10
1883,18
1884,2
1885,12
1886,15
1887,15
1888,15
1889,17
1890,6
1891,15
1892,8
1893,15
1894,9
1895,6
1896,4
1897,2
1898,12
1899,7
1900,11
1901,19
1902,17
1903,12
1904,7
1905,17
1906,18
1907,5
1908,18
1909,5
1910,5
1911,17
1912,2
1913,13
1914,17
1915,7
1916,20
1917,8
1918,7
1919,4
1920,15
1921,9
1922,3
1923,2
1924,4
1925,8
1926,18
1927,15
1928,20
1929,13
1930,8
1931,12
1932,12
1933,2
1934,5
1935,7
1936,16
1937,15
1938,19
1939,6
1940,3
1941,7
1942,16
1943,11
1944,11
1945,4
1946,8
1947,4
1948,5
1949,3
1950,13
1951,16
1952,20
1953,2
1954,5
1955,11
1956,9
1957,11
1958,2
1959,8
1960,16
1961,3
1962,19
1963,9
1964,19
1965,15
1966,19
1967,7
1968,15
1969,7
1970,14
1971,16
1972,4
1973,1
1974,5
1975,3
1976,10
1977,15
1978,6
1979,13
1980,20
1981,17
1982,5
1983,12
1984,1
1985,8
1986,10
1987,11
1988,16
1989,9
1990,3
1991,7
1992,20
1993,9
1994,17
1995,4
1996,10
1997,19
1998,13
1999,18
2000,2
2001,12
2002,19
2003,9
2004,8
2005,14
2006,1
2007,9
2008,9
2009,6
2010,15
2011,3
2012,14
2013,14
2014,11
2015,5
2016,8
2017,5
2018,15
2019,15
2020,9
2021,9
2022,16
2023,4
2024,2
2025,2
2026,19
2027,18
2028,8
2029,20
2030,15
2031,19
2032,20
2033,7
2034,12
2035,4
2036,17
2037,9
2038,11
2039,20
2040,7
2041,5
2042,18
2043,19
2044,6
2045,13
2046,7
2047,2
2048,3
2049,4
2050,5
2051,16
2052,18
2053,10
2054,19
2055,4
2056,20
2057,13
2058,20
2059,1
2060,7
2061,2
2062,16
2063,10
2064,1
2065,4
2066,15
2067,1
2068,11
2069,1
2070,9
2071,5
2072,1
2073,10
2074,12
2075,13
2076,6
2077,4
2078,19
2079,4
2080,4
2081,11
2082,4
2083,16
2084,19
2085,10
2086,4
2087,20
2088,7
2089,20
2090,12
2091,11
2092,5
2093,7
2094,4
2095,11
2096,11
2097,4
2098,18
2099,10
2100,9
2101,16
2102,11
2103,17
2104,2
2105,14
2106,19
2107,15
2108,4
2109,3
2110,20
2111,20
2112,17
2113,4
2114,6
2115,6
2116,2
2117,4
2118,14
2119,2
2120,5
2121,8
2122,12
2123,18
2124,13
2125,13
2126,16
2127,3
2128,13
2129,20
2130,12
2131,15
2132,19
2133,13
2134,13
2135,15
2136,8
2137,20
2138,17
2139,3
2140,1
2141,4
2142,10
2143,3
2144,15
2145,9
2146,19
2147,17
2148,5
2149,7
2150,16
2151,17
2152,3
2153,16
2154,11
2155,8
2156,15
2157,1
2158,12
2159,2
2160,7
2161,7
2162,3
2163,18
2164,13
2165,4
2166,18
2167,11
2168,6
2169,18
2170,11
2171,9
2172,5
2173,20
2174,2
2175,5
2176,14
2177,14
2178,4
2179,9
2180,20
2181,20
2182,2
2183,10
2184,17
2185,12
2186,11
2187,6
2188,11
2189,14
2190,11
2191,13
2192,17
2193,8
2194,14
2195,8
2196,15
2197,6
2198,20
2199,2
2200,14
2201,16
2202,7
2203,13
2204,19
2205,2
2206,2
2207,18
2208,7
2209,19
2210,12
2211,17
2212,10
2213,4
2214,1
2215,16
2216,10
2217,10
2218,2
2219,10
2220,11
2221,10
2222,9
2223,10
2224,9
2225,20
2226,18
2227,20
2228,11
2229,12
2230,13
2231,19
2232,12
2233,16
2234,20
2235,20
2236,15
2237,4
2238,14
2239,1
2240,9
2241,13
2242,20
2243,8
2244,14
2245,6
2246,9
2247,9
2248,4
2249,14
2250,8
2251,16
2252,4
2253,8
2254,4
2255,17
2256,10
2257,13
2258,20
2259,9
2260,7
2261,12
2262,6
2263,20
2264,18
2265,19
2266,12
2267,14
2268,13
2269,16
2270,14
2271,18
2272,1
2273,7
2274,5
2275,11
2276,2
2277,18
2278,17
2279,13
2280,14
2281,19
2282,3
2283,12
2284,15
2285,4
2286,7
2287,10
2288,10
2289,10
2290,15
2291,16
2292,5
2293,5
2294,5
2295,19
2296,6
2297,11
2298,2
2299,4
2300,16
2301,13
2302,2
2303,16
2304,2
2305,1
2306,6
2307,7
2308,18
2309,18
2310,17
2311,6
2312,11
2313,3
2314,4
2315,1
2316,14
2317,5
2318,12
2319,1
2320,2
2321,17
2322,8
2323,15
2324,15
2325,13
2326,5
2327,11
2328,1
2329,16
2330,6
2331,8
2332,6
2333,20
2334,17
2335,13
2336,5
2337,6
2338,11
2339,14
2340,7
2341,11
2342,14
2343,3
2344,17
2345,4
2346,17
2347,16
2348,16
2349,3
2350,17
2351,4
2352,6
2353,9
2354,5
2355,15
2356,12
2357,7
2358,13
2359,4
2360,6
2361,9
2362,20
2363,20
2364,1
2365,10
2366,13
2367,16
2368,2
2369,11
2370,10
2371,6
2372,19
2373,12
2374,7
2375,1
2376,8
2377,8
2378,4
2379,9
2380,2
2381,11
2382,7
2383,6
2384,15
2385,7
2386,10
2387,12
2388,3
2389,16
2390,6
2391,19
2392,6
2393,6
2394,16
2395,3
2396,5
2397,12
2398,20
2399,2
2400,8
2401,3
2402,16
2403,19
2404,15
2405,15
2406,16
2407,10
2408,5
2409,16
2410,15
2411,2
2412,6
2413,9
2414,3
2415,5
2416,11
2417,7
2418,7
2419,2
2420,12
2421,8
2422,7
2423,10
2424,15
2425,18
2426,20
2427,1
2428,9
2429,7
2430,10
2431,18
2432,14
2433,3
2434,18
2435,16
2436,16
2437,17
2438,12
2439,5
2440,9
2441,3
2442,16
2443,16
2444,11
2445,11
2446,12
2447,20
2448,3
2449,19
2450,10
2451,6
2452,4
2453,8
2454,20
2455,7
2456,3
2457,20
2458,4
2459,8
2460,15
2461,19
2462,2
2463,13
2464,8
2465,3
2466,4
2467,1
2468,18
2469,2
2470,10
2471,7
2472,16
2473,15
2474,4
2475,1
2476,15
2477,9
2478,16
2479,10
2480,11
2481,1
2482,15
2483,8
2484,9
2485,17
2486,9
2487,4
2488,3
2489,1
2490,20
2491,15
2492,18
2493,2
2494,15
2495,2
2496,4
2497,6
2498,20
2499,9
2500,1
2501,2
2502,12
2503,18
2504,2
2505,13
2506,4
2507,2
2508,6
2509,17
2510,6
2511,4
2512,13
2513,9
2514,2
2515,10
2516,13
2517,14
2518,16
2519,16
2520,19
2521,14
2522,8
2523,16
2524,8
2525,5
2526,2
2527,1
2528,16
2529,7
2530,7
2531,8
2532,3
2533,6
2534,3
2535,16
2536,11
2537,2
2538,19
2539,7
2540,20
2541,5
2542,13
2543,15
2544,11
2545,6
2546,18
2547,9
2548,20
2549,11
2550,10
2551,6
2552,1
2553,2
2554,3
2555,6
2556,6
2557,20
2558,2
2559,13
2560,16
2561,3
2562,15
2563,18
2564,5
2565,7
2566,7
2567,9
2568,9
2569,9
2570,20
2571,20
2572,17
2573,18
2574,20
2575,6
2576,20
2577,5
2578,15
2579,18
2580,1
2581,1
2582,5
2583,6
2584,19
2585,19
2586,7
2587,7
2588,13
2589,11
2590,9
2591,20
2592,9
2593,20
2594,18
2595,11
2596,5
2597,10
2598,14
2599,6
2600,5
2601,6
2602,1
2603,19
2604,20
2605,7
2606,14
2607,6
2608,11
2609,7
2610,12
2611,4
2612,2
2613,9
2614,17
2615,5
2616,12
2617,7
2618,8
2619,3
2620,2
2621,6
2622,2
2623,14
2624,6
2625,17
2626,1
2627,11
2628,20
2629,15
2630,14
2631,11
2632,10
2633,9
2634,18
2635,19
2636,6
2637,16
2638,4
2639,8
2640,19
2641,8
2642,20
2643,3
2644,1
2645,7
2646,12
2647,20
2648,3
2649,18
2650,8
2651,5
2652,15
2653,1
2654,9
2655,9
2656,16
2657,20
2658,17
2659,14
2660,17
2661,6
2662,15
2663,2
2664,8
2665,20
2666,7
2667,20
2668,5
2669,2
2670,6
2671,9
2672,5
2673,2
2674,18
2675,1
2676,16
2677,8
2678,1
2679,11
2680,11
2681,4
2682,3
2683,4
2684,3
2685,8
2686,5
2687,11
2688,6
2689,19
2690,4
2691,11
2692,19
2693,11
2694,15
2695,19
2696,14
2697,19
2698,10
2699,5
2700,14
2701,5
2702,6
2703,4
2704,5
2705,7
2706,10
2707,3
2708,13
2709,11
2710,5
2711,7
2712,10
2713,19
2714,7
2715,2
2716,10
2717,4
2718,16
2719,18
2720,19
2721,2
2722,1
2723,4
2724,12
2725,11
2726,18
2727,5
2728,8
2729,8
2730,18
2731,4
2732,14
2733,16
2734,2
2735,18
2736,3
2737,10
2738,7
2739,18
2740,9
2741,10
2742,19
2743,3
2744,16
2745,17
2746,13
2747,12
2748,20
2749,16
2750,13
2751,1
2752,13
2753,12
2754,15
2755,3
2756,19
2757,7
2758,17
2759,13
2760,8
2761,11
2762,19
2763,8
2764,10
2765,15
2766,18
2767,9
2768,9
2769,3
2770,5
2771,8
2772,10
2773,15
2774,19
2775,9
2776,12
2777,3
2778,15
2779,19
2780,9
2781,3
2782,14
2783,16
2784,10
2785,14
2786,17
2787,8
2788,5
2789,7
2790,1
2791,2
2792,2
2793,7
2794,2
2795,10
2796,7
2797,2
2798,15
2799,19
2800,12
2801,12
2802,1
2803,2
2804,9
2805,11
2806,14
2807,10
2808,20
2809,10
2810,19
2811,20
2812,5
2813,9
2814,17
2815,5
2816,14
2817,18
2818,7
2819,11
2820,6
2821,19
2822,13
2823,10
2824,20
2825,17
2826,18
2827,17
2828,16
2829,4
2830,15
2831,7
2832,10
2833,15
2834,14
2835,10
2836,11
2837,2
2838,6
2839,3
2840,15
2841,19
2842,12
2843,1
2844,5
2845,13
2846,16
2847,12
2848,13
2849,12
2850,11
2851,2
2852,9
2853,12
2854,11
2855,6
2856,13
2857,20
2858,4
2859,15
2860,7
2861,2
2862,3
2863,5
2864,15
2865,4
2866,11
2867,20
2868,2
2869,2
2870,19
2871,15
2872,1
2873,12
2874,20
2875,9
2876,3
2877,16
2878,12
2879,10
2880,11
2881,10
2882,1
2883,19
2884,1
2885,7
2886,5
2887,17
2888,19
2889,14
2890,1
2891,3
2892,5
2893,11
2894,9
2895,2
2896,5
2897,20
2898,1
2899,9
2900,12
2901,3
2902,17
2903,14
2904,17
2905,15
2906,20
2907,16
2908,9
2909,5
2910,16
2911,14
2912,4
2913,17
2914,8
2915,13
2916,12
2917,12
2918,20
2919,15
2920,10
2921,5
2922,1
2923,11
2924,2
2925,6
2926,6
2927,15
2928,16
2929,17
2930,10
2931,13
2932,4
2933,11
2934,10
2935,13
2936,12
2937,11
2938,14
2939,11
2940,7
2941,10
2942,16
2943,5
2944,6
2945,4
2946,9
2947,15
2948,8
2949,16
2950,6
2951,1
2952,16
2953,7
2954,16
2955,17
2956,3
2957,16
2958,16
2959,8
2960,1
2961,1
2962,5
2963,12
2964,15
2965,15
2966,1
2967,7
2968,11
2969,13
2970,4
2971,4
2972,11
2973,4
2974,8
2975,18
2976,9
2977,7
2978,18
2979,10
2980,12
2981,17
2982,18
2983,5
2984,5
2985,5
2986,14
2987,13
2988,6
2989,12
2990,20
2991,8
2992,10
2993,14
2994,7
2995,15
2996,3
2997,5
2998,12
2999,20
3000,5
3001,11
3002,13
3003,8
3004,12
3005,1
3006,10
3007,12
3008,9
3009,5
3010,1
3011,19
3012,19
3013,12
3014,14
3015,17
3016,18
3017,8
3018,14
3019,10
3020,10
3021,18
3022,11
3023,4
3024,16
3025,15
3026,10
3027,15
3028,11
3029,9
3030,19
3031,18
3032,7
3033,15
3034,16
3035,4
3036,10
3037,11
3038,13
3039,1
3040,11
3041,3
3042,14
3043,10
3044,13
3045,8
3046,20
3047,15
3048,7
3049,3
3050,16
3051,5
3052,9
3053,5
3054,20
3055,18
3056,8
3057,10
3058,8
3059,18
3060,11
3061,5
3062,8
3063,4
3064,3
3065,15
3066,5
3067,6
3068,13
3069,11
3070,10
3071,6
3072,13
3073,2
3074,2
3075,18
3076,8
3077,17
3078,11
3079,9
3080,7
3081,5
3082,8
3083,20
3084,15
3085,11
3086,11
3087,1
3088,5
3089,7
3090,2
3091,3
3092,17
3093,17
3094,9
3095,1
3096,17
3097,16
3098,4
3099,2
3100,12
3101,7
3102,11
3103,7
3104,18
3105,20
3106,9
3107,1
3108,3
3109,10
3110,9
3111,2
3112,9
3113,18
3114,7
3115,14
3116,1
3117,2
3118,18
3119,7
3120,20
3121,2
3122,6
3123,10
3124,2
3125,9
3126,3
3127,5
3128,8
3129,20
3130,20
3131,20
3132,7
3133,17
3134,8
3135,15
3136,6
3137,10
3138,2
3139,2
3140,15
3141,3
3142,4
3143,13
3144,1
3145,7
3146,8
3147,4
3148,10
3149,12
3150,16
3151,4
3152,12
3153,10
3154,2
3155,17
3156,1
3157,11
3158,10
3159,20
3160,10
3161,17
3162,6
3163,6
3164,16
3165,6
3166,16
3167,4
3168,16
3169,1
3170,13
3171,8
3172,20
3173,18
3174,13
3175,11
3176,15
3177,6
3178,4
3179,15
3180,15
3181,9
3182,16
3183,10
3184,6
3185,17
3186,6
3187,14
3188,15
3189,3
3190,3
3191,18
3192,16
3193,7
3194,20
3195,19
3196,10
3197,12
3198,1
3199,8
3200,3
3201,7
3202,8
3203,1
3204,2
3205,17
3206,20
3207,5
3208,3
3209,12
3210,18
3211,2
3212,1
3213,17
3214,6
3215,14
3216,20
3217,6
3218,2
3219,18
3220,16
3221,4
3222,19
3223,20
3224,18
3225,20
3226,9
3227,12
3228,18
3229,1
3230,18
3231,14
3232,6
3233,2
3234,10
3235,7
3236,6
3237,11
3238,8
3239,7
3240,5
3241,13
3242,17
3243,2
3244,10
3245,9
3246,10
3247,2
3248,16
3249,1
3250,5
3251,10
3252,15
3253,15
3254,20
3255,19
3256,17
3257,9
3258,19
3259,5
3260,7
3261,3
3262,8
3263,20
3264,5
3265,2
3266,18
3267,1
3268,7
3269,12
3270,1
3271,17
3272,18
3273,1
3274,13
3275,17
3276,19
3277,2
3278,11
3279,10
3280,12
3281,20
3282,13
3283,5
3284,14
3285,17
3286,7
3287,3
3288,1
3289,1
3290,15
3291,1
3292,2
3293,16
3294,11
3295,8
3296,20
3297,10
3298,3
3299,4
3300,19
3301,10
3302,6
3303,5
3304,6
3305,4
3306,7
3307,6
3308,19
3309,18
3310,5
3311,5
3312,3
3313,16
3314,18
3315,19
3316,17
3317,16
3318,18
3319,10
3320,20
3321,9
3322,3
3323,18
3324,6
3325,6
3326,5
3327,12
3328,1
3329,17
3330,7
3331,1
3332,19
3333,9
3334,4
3335,18
3336,3
3337,17
3338,20
3339,8
3340,5
3341,15
3342,4
3343,4
3344,9
3345,6
3346,1
3347,18
3348,3
3349,13
3350,5
3351,8
3352,9
3353,5
3354,11
3355,3
3356,4
3357,11
3358,2
3359,14
3360,3
3361,1
3362,5
3363,16
3364,18
3365,16
3366,13
3367,16
3368,20
3369,10
3370,10
3371,19
3372,16
3373,3
3374,11
3375,13
3376,17
3377,19
3378,15
3379,10
3380,18
3381,12
3382,10
3383,8
3384,8
3385,16
3386,20
3387,10
3388,16
3389,19
3390,9
3391,18
3392,16
3393,1
3394,9
3395,10
3396,12
3397,1
3398,10
3399,10
3400,6
3401,15
3402,18
3403,12
3404,13
3405,13
3406,8
3407,5
3408,5
3409,4
3410,3
3411,20
3412,4
3413,2
3414,10
3415,10
3416,5
3417,8
3418,14
3419,7
3420,13
3421,16
3422,20
3423,18
3424,7
3425,13
3426,13
3427,7
3428,15
3429,12
3430,11
3431,15
3432,11
3433,3
3434,13
3435,15
3436,12
3437,11
3438,20
3439,8
3440,1
3441,4
3442,16
3443,2
3444,18
3445,6
3446,6
3447,2
3448,16
3449,1
3450,18
3451,5
3452,12
3453,4
3454,18
3455,20
3456,7
3457,1
3458,11
3459,16
3460,4
3461,12
3462,1
3463,20
3464,8
3465,15
3466,19
3467,3
3468,6
3469,13
3470,14
3471,14
3472,17
3473,10
3474,8
3475,6
3476,8
3477,2
3478,13
3479,13
3480,5
3481,4
3482,7
3483,7
3484,12
3485,3
3486,6
3487,2
3488,8
3489,5
3490,20
3491,12
3492,4
3493,4
3494,2
3495,10
3496,9
3497,17
3498,12
3499,7
3500,2
3501,3
3502,8
3503,17
3504,9
3505,2
3506,1
3507,1
3508,13
3509,14
3510,9
3511,6
3512,4
3513,2
3514,5
3515,17
3516,3
3517,1
3518,12
3519,10
3520,19
3521,9
3522,10
3523,2
3524,5
3525,7
3526,9
3527,20
3528,2
3529,14
3530,5
3531,4
3532,14
3533,7
3534,6
3535,19
3536,8
3537,6
3538,1
3539,1
3540,20
3541,7
3542,13
3543,5
3544,11
3545,5
3546,20
3547,9
3548,4
3549,8
3550,7
3551,14
3552,19
3553,11
3554,13
3555,20
3556,20
3557,1
3558,2
3559,16
3560,12
3561,18
3562,11
3563,17
3564,7
3565,17
3566,11
3567,12
3568,6
3569,18
3570,4
3571,17
3572,10
3573,17
3574,3
3575,11
3576,2
3577,19
3578,20
3579,8
3580,5
3581,6
3582,15
3583,1
3584,20
3585,7
3586,5
3587,19
3588,8
3589,6
3590,10
3591,4
3592,16
3593,8
3594,8
3595,15
3596,9
3597,13
3598,15
3599,15
3600,7
3601,20
3602,19
3603,2
3604,13
3605,14
3606,13
3607,4
3608,15
3609,14
3610,1
3611,15
3612,7
3613,8
3614,8
3615,19
3616,5
3617,4
3618,16
3619,16
3620,15
3621,14
3622,3
3623,17
3624,15
3625,12
3626,17
3627,18
3628,8
3629,17
3630,9
3631,12
3632,13
3633,2
3634,9
3635,2
3636,19
3637,7
3638,19
3639,9
3640,3
3641,20
3642,12
3643,10
3644,2
3645,10
3646,12
3647,9
3648,18
3649,11
3650,17
3651,1
3652,3
3653,7
3654,13
3655,1
3656,11
3657,4
3658,17
3659,12
3660,7
3661,15
3662,2
3663,9
3664,2
3665,19
3666,11
3667,5
3668,2
3669,5
3670,13
3671,12
3672,20
3673,6
3674,4
3675,2
3676,11
3677,10
3678,8
3679,8
3680,12
3681,12
3682,13
3683,18
3684,20
3685,19
3686,9
3687,4
3688,17
3689,2
3690,20
3691,20
3692,6
3693,5
3694,19
3695,5
3696,12
3697,16
3698,8
3699,8
3700,7
3701,14
3702,4
3703,15
3704,4
3705,12
3706,2
3707,7
3708,5
3709,6
3710,10
3711,13
3712,11
3713,4
3714,18
3715,3
3716,20
3717,14
3718,1
3719,16
3720,5
3721,13
3722,20
3723,20
3724,4
3725,14
3726,7
3727,9
3728,12
3729,4
3730,4
3731,16
3732,7
3733,20
3734,1
3735,20
3736,15
3737,3
3738,5
3739,16
3740,16
3741,17
3742,6
3743,11
3744,1
3745,11
3746,16
3747,19
3748,4
3749,3
3750,15
3751,15
3752,8
3753,9
3754,10
3755,5
3756,18
3757,19
3758,19
3759,15
3760,17
3761,4
3762,9
3763,2
3764,14
3765,10
3766,5
3767,10
3768,9
3769,19
3770,3
3771,3
3772,10
3773,15
3774,8
3775,20
3776,20
3777,13
3778,19
3779,16
3780,3
3781,5
3782,5
3783,16
3784,4
3785,16
3786,8
3787,10
3788,17
3789,13
3790,15
3791,14
3792,20
3793,2
3794,7
3795,8
3796,17
3797,18
3798,14
3799,19
3800,16
3801,13
3802,19
3803,12
3804,13
3805,3
3806,20
3807,4
3808,2
3809,8
3810,18
3811,18
3812,13
3813,18
3814,8
3815,11
3816,18
3817,6
3818,9
3819,12
3820,18
3821,19
3822,9
3823,15
3824,2
3825,14
3826,5
3827,11
3828,1
3829,8
3830,2
3831,3
3832,7
3833,13
3834,11
3835,17
3836,2
3837,10
3838,2
3839,3
3840,18
3841,20
3842,13
3843,3
3844,16
3845,14
3846,16
3847,16
3848,3
3849,14
3850,4
3851,1
3852,6
3853,14
3854,15
3855,7
3856,13
3857,8
3858,14
3859,20
3860,11
3861,3
3862,2
3863,9
3864,4
3865,6
3866,14
3867,6
3868,6
3869,2
3870,17
3871,5
3872,1
3873,10
3874,4
3875,17
3876,16
3877,19
3878,5
3879,2
3880,2
3881,1
3882,9
3883,3
3884,14
3885,20
3886,17
3887,2
3888,1
3889,19
3890,15
3891,19
3892,15
3893,20
3894,6
3895,6
3896,16
3897,9
3898,13
3899,8
3900,8
3901,12
3902,17
3903,8
3904,20
3905,14
3906,17
3907,8
3908,5
3909,10
3910,17
3911,16
3912,8
3913,11
3914,11
3915,4
3916,15
3917,8
3918,20
3919,14
3920,20
3921,8
3922,17
3923,9
3924,13
3925,4
3926,1
3927,3
3928,5
3929,1
3930,20
3931,2
3932,19
3933,8
3934,8
3935,16
3936,1
3937,20
3938,13
3939,5
3940,13
3941,11
3942,4
3943,20
3944,3
3945,15
3946,8
3947,12
3948,2
3949,20
3950,5
3951,20
3952,16
3953,10
3954,19
3955,18
3956,5
3957,8
3958,18
3959,20
3960,16
3961,17
3962,2
3963,15
3964,12
3965,12
3966,4
3967,4
3968,14
3969,16
3970,12
3971,3
3972,18
3973,19
3974,18
3975,5
3976,14
3977,7
3978,8
3979,20
3980,6
3981,6
3982,18
3983,10
3984,5
3985,8
3986,4
3987,3
3988,12
3989,19
3990,10
3991,18
3992,4
3993,20
3994,17
3995,20
3996,15
3997,20
3998,14
3999,18
4000,12
4001,14
4002,3
4003,19
4004,9
4005,2
4006,6
4007,15
4008,2
4009,10
4010,4
4011,13
4012,17
4013,9
4014,7
4015,3
4016,11
4017,10
4018,3
4019,16
4020,5
4021,12
4022,5
4023,17
4024,17
4025,2
4026,17
4027,17
4028,9
4029,14
4030,16
4031,12
4032,10
4033,5
4034,4
4035,2
4036,2
4037,3
4038,6
4039,18
4040,13
4041,2
4042,16
4043,10
4044,15
4045,9
4046,4
4047,5
4048,5
4049,19
4050,15
4051,5
4052,5
4053,13
4054,13
4055,2
4056,8
4057,3
4058,7
4059,15
4060,6
4061,15
4062,4
4063,6
4064,16
4065,12
4066,10
4067,19
4068,15
4069,15
4070,16
4071,10
4072,19
4073,2
4074,1
4075,13
4076,15
4077,2
4078,1
4079,9
4080,16
4081,19
4082,15
4083,1
4084,1
4085,4
4086,9
4087,9
4088,6
4089,17
4090,5
4091,4
4092,17
4093,13
4094,17
4095,10
4096,11
4097,7
4098,15
4099,9
4100,8
4101,13
4102,2
4103,19
4104,10
4105,15
4106,7
4107,10
4108,2
4109,2
4110,3
4111,7
4112,4
4113,18
4114,11
4115,15
4116,18
4117,1
4118,16
4119,12
4120,10
4121,3
4122,11
4123,10
4124,4
4125,10
4126,17
4127,13
4128,2
4129,6
4130,9
4131,1
4132,11
4133,12
4134,12
4135,2
4136,13
4137,15
4138,15
4139,11
4140,18
4141,1
4142,14
4143,8
4144,20
4145,14
4146,8
4147,13
4148,16
4149,13
4150,3
4151,15
4152,7
4153,17
4154,5
4155,4
4156,8
4157,15
4158,1
4159,8
4160,2
4161,18
4162,4
4163,4
4164,8
4165,5
4166,20
4167,9
4168,8
4169,3
4170,13
4171,4
4172,9
4173,6
4174,2
4175,8
4176,3
4177,11
4178,16
4179,3
4180,9
4181,9
4182,2
4183,8
4184,7
4185,1
4186,16
4187,1
4188,8
4189,10
4190,2
4191,6
4192,2
4193,16
4194,9
4195,2
4196,11
4197,7
4198,19
4199,19
4200,12
4201,18
4202,7
4203,13
4204,12
4205,19
4206,17
4207,15
4208,20
4209,7
4210,13
4211,8
4212,15
4213,8
4214,9
4215,5
4216,11
4217,13
4218,4
4219,19
4220,12
4221,12
4222,9
4223,2
4224,19
4225,4
4226,13
4227,6
4228,17
4229,14
4230,5
4231,12
4232,3
4233,16
4234,19
4235,12
4236,8
4237,14
4238,6
4239,4
4240,17
4241,3
4242,19
4243,3
4244,11
4245,9
4246,7
4247,20
4248,12
4249,12
4250,11
4251,10
4252,2
4253,19
4254,17
4255,14
4256,13
4257,16
4258,18
4259,16
4260,20
4261,6
4262,15
4263,15
4264,4
4265,20
4266,16
4267,3
4268,6
4269,9
4270,11
4271,15
4272,7
4273,6
4274,11
4275,1
4276,12
4277,4
4278,5
4279,19
4280,10
4281,18
4282,9
4283,12
4284,20
4285,4
4286,10
4287,4
4288,7
4289,5
4290,16
4291,18
4292,15
4293,16
4294,6
4295,5
4296,16
4297,12
4298,13
4299,20
4300,16
4301,11
4302,20
4303,4
4304,15
4305,1
4306,3
4307,12
4308,18
4309,14
4310,13
4311,3
4312,13
4313,4
4314,10
4315,5
4316,8
4317,20
4318,1
4319,11
4320,5
4321,2
4322,10
4323,5
4324,17
4325,2
4326,3
4327,11
4328,8
4329,4
4330,9
4331,4
4332,4
4333,1
4334,12
4335,14
4336,13
4337,13
4338,18
4339,9
4340,13
4341,6
4342,4
4343,18
4344,13
4345,4
4346,16
4347,8
4348,10
4349,10
4350,6
4351,5
4352,12
4353,15
4354,6
4355,5
4356,8
4357,9
4358,3
4359,13
4360,15
4361,17
4362,9
4363,16
4364,11
4365,13
4366,20
4367,13
4368,12
4369,4
4370,3
4371,3
4372,2
4373,1
4374,3
4375,19
4376,11
4377,5
4378,17
4379,3
4380,7
4381,20
4382,17
4383,18
4384,11
4385,18
4386,14
4387,18
4388,19
4389,1
4390,18
4391,12
4392,8
4393,9
4394,9
4395,16
4396,16
4397,4
4398,5
4399,16
4400,3
4401,11
4402,7
4403,3
4404,20
4405,17
4406,5
4407,16
4408,3
4409,2
4410,9
4411,14
4412,11
4413,6
4414,5
4415,11
4416,11
4417,6
4418,7
4419,16
4420,3
4421,10
4422,10
4423,4
4424,9
4425,10
4426,7
4427,4
4428,19
4429,19
4430,10
4431,10
4432,11
4433,8
4434,3
4435,2
4436,9
4437,1
4438,12
4439,11
4440,7
4441,7
4442,4
4443,1
4444,14
4445,10
4446,13
4447,4
4448,10
4449,14
4450,19
4451,16
4452,6
4453,13
4454,1
4455,7
4456,12
4457,17
4458,17
4459,3
4460,2
4461,13
4462,18
4463,17
4464,8
4465,10
4466,14
4467,9
4468,3
4469,18
4470,18
4471,2
4472,4
4473,10
4474,9
4475,8
4476,13
4477,11
4478,2
4479,12
4480,15
4481,1
4482,9
4483,7
4484,3
4485,5
4486,7
4487,8
4488,20
4489,5
4490,3
4491,6
4492,12
4493,19
4494,4
4495,11
4496,19
4497,12
4498,4
4499,12
4500,20
4501,11
4502,15
4503,12
4504,20
4505,13
4506,17
4507,8
4508,13
4509,9
4510,3
4511,18
4512,1
4513,16
4514,20
4515,11
4516,12
4517,9
4518,20
4519,16
4520,1
4521,8
4522,11
4523,14
4524,13
4525,7
4526,8
4527,20
4528,20
4529,2
4530,4
4531,7
4532,7
4533,19
4534,4
4535,16
4536,6
4537,14
4538,20
4539,17
4540,7
4541,13
4542,1
4543,18
4544,20
4545,1
4546,9
4547,7
4548,4
4549,4
4550,1
4551,18
4552,17
4553,2
4554,11
4555,14
4556,10
4557,14
4558,11
4559,13
4560,4
4561,17
4562,3
4563,4
4564,19
4565,15
4566,6
4567,6
4568,5
4569,20
4570,16
4571,5
4572,17
4573,7
4574,13
4575,2
4576,2
4577,14
4578,4
4579,3
4580,15
4581,19
4582,9
4583,15
4584,19
4585,13
4586,15
4587,16
4588,14
4589,19
4590,18
4591,17
4592,13
4593,18
4594,5
4595,17
4596,13
4597,4
4598,18
4599,11
4600,10
4601,4
4602,14
4603,17
4604,15
4605,12
4606,7
4607,4
4608,13
4609,10
4610,2
4611,2
4612,2
4613,2
4614,18
4615,18
4616,7
4617,12
4618,16
4619,3
4620,17
4621,2
4622,4
4623,14
4624,12
4625,9
4626,3
4627,6
4628,17
4629,9
4630,1
4631,6
4632,3
4633,14
4634,3
4635,16
4636,19
4637,14
4638,11
4639,1
4640,11
4641,8
4642,13
4643,20
4644,10
4645,9
4646,5
4647,19
4648,16
4649,19
4650,9
4651,13
4652,11
4653,3
4654,15
4655,17
4656,10
4657,3
4658,20
4659,1
4660,12
4661,20
4662,17
4663,3
4664,19
4665,1
4666,1
4667,5
4668,11
4669,2
4670,16
4671,12
4672,11
4673,2
4674,7
4675,3
4676,16
4677,16
4678,7
4679,4
4680,20
4681,1
4682,8
4683,16
4684,4
4685,12
4686,10
4687,8
4688,16
4689,3
4690,18
4691,20
4692,4
4693,19
4694,3
4695,5
4696,6
4697,20
4698,17
4699,15
4700,20
4701,7
4702,8
4703,18
4704,6
4705,18
4706,20
4707,3
4708,2
4709,7
4710,16
4711,16
4712,18
4713,18
4714,17
4715,18
4716,5
4717,12
4718,8
4719,5
4720,4
4721,18
4722,3
4723,9
4724,6
4725,6
4726,12
4727,20
4728,18
4729,12
4730,8
4731,18
4732,12
4733,2
4734,10
4735,16
4736,14
4737,17
4738,13
4739,15
4740,6
4741,16
4742,14
4743,15
4744,20
4745,12
4746,16
4747,7
4748,19
4749,1
4750,20
4751,15
4752,18
4753,12
4754,16
4755,19
4756,20
4757,10
4758,4
4759,5
4760,20
4761,15
4762,1
4763,13
4764,11
4765,8
4766,14
4767,19
4768,8
4769,1
4770,8
4771,3
4772,8
4773,16
4774,2
4775,16
4776,14
4777,3
4778,16
4779,14
4780,18
4781,11
4782,17
4783,3
4784,8
4785,8
4786,16
4787,4
4788,9
4789,19
4790,18
4791,1
4792,20
4793,2
4794,5
4795,8
4796,7
4797,2
4798,10
4799,5
4800,7
4801,16
4802,1
4803,8
4804,19
4805,10
4806,15
4807,3
4808,9
4809,11
4810,4
4811,12
4812,3
4813,18
4814,7
4815,15
4816,2
4817,15
4818,19
4819,12
4820,20
4821,6
4822,9
4823,19
4824,16
4825,6
4826,7
4827,13
4828,19
4829,20
4830,14
4831,15
4832,12
4833,19
4834,10
4835,19
4836,13
4837,9
4838,18
4839,19
4840,15
4841,16
4842,16
4843,13
4844,18
4845,2
4846,11
4847,16
4848,14
4849,12
4850,6
4851,4
4852,12
4853,17
4854,11
4855,7
4856,12
4857,6
4858,19
4859,13
4860,5
4861,14
4862,15
4863,4
4864,11
4865,12
4866,10
4867,1
4868,4
4869,17
4870,1
4871,10
4872,4
4873,17
4874,10
4875,20
4876,11
4877,7
4878,20
4879,19
4880,4
4881,17
4882,5
4883,8
4884,9
4885,15
4886,3
4887,9
4888,19
4889,9
4890,4
4891,12
4892,13
4893,19
4894,10
4895,8
4896,9
4897,11
4898,19
4899,6
4900,17
4901,13
4902,15
4903,1
4904,10
4905,18
4906,12
4907,2
4908,20
4909,2
4910,2
4911,3
4912,17
4913,1
4914,5
4915,6
4916,7
4917,5
4918,12
4919,13
4920,12
4921,9
4922,13
4923,1
4924,7
4925,18
4926,2
4927,19
4928,18
4929,8
4930,8
4931,7
4932,3
4933,1
4934,3
4935,12
4936,13
4937,15
4938,7
4939,2
4940,10
4941,8
4942,11
4943,19
4944,2
4945,19
4946,16
4947,2
4948,16
4949,3
4950,1
4951,10
4952,17
4953,13
4954,10
4955,1
4956,6
4957,5
4958,7
4959,17
4960,11
4961,1
4962,16
4963,8
4964,8
4965,6
4966,10
4967,7
4968,10
4969,9
4970,15
4971,17
4972,12
4973,14
4974,14
4975,3
4976,8
4977,10
4978,18
4979,5
4980,8
4981,12
4982,4
4983,16
4984,7
4985,6
4986,17
4987,17
4988,1
4989,17
4990,14
4991,7
4992,12
4993,12
4994,9
4995,2
4996,4
4997,5
4998,14
4999,19
5000,5
5001,17
5002,7
5003,4
5004,12
5005,14
5006,10
5007,13
5008,2
5009,3
5010,10
5011,6
5012,16
5013,6
5014,8
5015,16
5016,14
5017,5
5018,10
5019,5
5020,15
5021,17
5022,10
5023,7
5024,15
5025,7
5026,9
5027,9
5028,20
5029,5
5030,18
5031,8
5032,10
5033,6
5034,6
5035,4
5036,8
5037,14
5038,2
5039,7
5040,5
5041,13
5042,13
5043,10
5044,15
5045,16
5046,5
5047,9
5048,2
5049,1
5050,20
5051,14
5052,15
5053,20
5054,12
5055,15
5056,7
5057,4
5058,17
5059,14
5060,17
5061,12
5062,18
5063,2
5064,13
5065,1
5066,3
5067,14
5068,11
5069,19
5070,9
5071,16
5072,4
5073,16
5074,16
5075,1
5076,17
5077,7
5078,11
5079,1
5080,6
5081,7
5082,13
5083,3
5084,4
5085,14
5086,16
5087,18
5088,4
5089,9
5090,6
5091,19
5092,8
5093,9
5094,15
5095,12
5096,4
5097,18
5098,20
5099,8
5100,5
5101,14
5102,1
5103,11
5104,10
5105,7
5106,15
5107,19
5108,14
5109,20
5110,4
5111,11
5112,11
5113,19
5114,9
5115,17
5116,4
5117,8
5118,15
5119,4
5120,3
5121,1
5122,6
5123,14
5124,20
5125,5
5126,1
5127,6
5128,2
5129,9
5130,6
5131,9
5132,15
5133,16
5134,4
5135,9
5136,10
5137,3
5138,9
5139,9
5140,16
5141,13
5142,1
5143,19
5144,13
5145,14
5146,18
5147,13
5148,13
5149,8
5150,9
5151,12
5152,6
5153,9
5154,2
5155,3
5156,18
5157,5
5158,12
5159,20
5160,9
5161,9
5162,12
5163,5
5164,8
5165,11
5166,3
5167,17
5168,7
5169,12
5170,12
5171,17
5172,13
5173,2
5174,13
5175,14
5176,9
5177,11
5178,20
5179,2
5180,12
5181,5
5182,13
5183,20
5184,14
5185,19
5186,3
5187,10
5188,12
5189,17
5190,15
5191,5
5192,13
5193,5
5194,11
5195,16
5196,5
5197,10
5198,20
5199,7
5200,10
5201,10
5202,12
5203,3
5204,20
5205,7
5206,13
5207,3
5208,20
5209,13
5210,11
5211,12
5212,15
5213,1
5214,13
5215,20
5216,1
5217,18
5218,1
5219,2
5220,10
5221,13
5222,11
5223,18
5224,4
5225,20
5226,9
5227,12
5228,12
5229,8
5230,15
5231,17
5232,5
5233,16
5234,9
5235,15
5236,4
5237,10
5238,11
5239,2
5240,10
5241,19
5242,10
5243,2
5244,10
5245,13
5246,19
5247,19
5248,1
5249,20
5250,11
5251,10
5252,5
5253,7
5254,10
5255,8
5256,9
5257,20
5258,5
5259,14
5260,16
5261,12
5262,14
5263,4
5264,17
5265,13
5266,19
5267,9
5268,9
5269,17
5270,17
5271,19
5272,7
5273,13
5274,16
5275,15
5276,16
5277,12
5278,16
5279,6
5280,14
5281,18
5282,5
5283,20
5284,5
5285,15
5286,13
5287,16
5288,14
5289,2
5290,10
5291,5
5292,7
5293,5
5294,11
5295,7
5296,2
5297,7
5298,5
5299,10
5300,6
5301,14
5302,16
5303,10
5304,4
5305,7
5306,11
5307,17
5308,11
5309,20
5310,5
5311,9
5312,17
5313,13
5314,15
5315,16
5316,20
5317,3
5318,9
5319,18
5320,15
5321,15
5322,20
5323,9
5324,12
5325,8
5326,5
5327,2
5328,15
5329,8
5330,13
5331,9
5332,16
5333,11
5334,18
5335,11
5336,20
5337,8
5338,8
5339,3
5340,15
5341,3
5342,20
5343,1
5344,6
5345,13
5346,7
5347,7
5348,3
5349,1
5350,11
5351,5
5352,10
5353,4
5354,4
5355,4
5356,9
5357,16
5358,16
5359,19
5360,17
5361,3
5362,12
5363,2
5364,7
5365,11
5366,19
5367,3
5368,9
5369,11
5370,5
5371,5
5372,16
5373,14
5374,9
5375,1
5376,3
5377,1
5378,11
5379,14
5380,4
5381,15
5382,8
5383,17
5384,15
5385,4
5386,10
5387,9
5388,10
5389,4
5390,20
5391,9
5392,19
5393,1
5394,5
5395,10
5396,7
5397,10
5398,19
5399,9
5400,16
5401,7
5402,20
5403,20
5404,19
5405,6
5406,19
5407,17
5408,6
5409,16
5410,6
5411,8
5412,12
5413,6
5414,9
5415,19
5416,11
5417,18
5418,7
5419,16
5420,16
5421,19
5422,9
5423,12
5424,5
5425,1
5426,15
5427,1
5428,17
5429,15
5430,6
5431,10
5432,19
5433,4
5434,7
5435,9
5436,1
5437,18
5438,18
5439,1
5440,20
5441,3
5442,16
5443,10
5444,10
5445,19
5446,15
5447,14
5448,18
5449,20
5450,13
5451,2
5452,4
5453,3
5454,17
5455,18
5456,18
5457,5
5458,3
5459,10
5460,13
5461,8
5462,20
5463,16
5464,4
5465,14
5466,13
5467,16
5468,13
5469,7
5470,16
5471,7
5472,16
5473,3
5474,6
5475,12
5476,4
5477,1
5478,19
5479,6
5480,2
5481,10
5482,15
5483,3
5484,14
5485,11
5486,4
5487,15
5488,10
5489,19
5490,19
5491,1
5492,20
5493,5
5494,4
5495,13
5496,3
5497,19
5498,8
5499,18
5500,7
5501,19
5502,11
5503,20
5504,13
5505,15
5506,2
5507,20
5508,20
5509,13
5510,9
5511,17
5512,17
5513,8
5514,19
5515,17
5516,12
5517,4
5518,8
5519,13
5520,17
5521,14
5522,19
5523,20
5524,20
5525,14
5526,20
5527,12
5528,13
5529,17
5530,3
5531,12
5532,19
5533,8
5534,18
5535,4
5536,16
5537,2
5538,12
5539,10
5540,14
5541,10
5542,14
5543,10
5544,5
5545,15
5546,20
5547,6
5548,3
5549,15
5550,5
5551,2
5552,1
5553,16
5554,15
5555,17
5556,3
5557,16
5558,19
5559,10
5560,12
5561,8
5562,11
5563,9
5564,8
5565,13
5566,19
5567,14
5568,13
5569,4
5570,18
5571,13
5572,13
5573,17
5574,14
5575,3
5576,11
5577,1
5578,19
5579,9
5580,1
5581,1
5582,16
5583,7
5584,3
5585,17
5586,15
5587,13
5588,16
5589,18
5590,14
5591,4
5592,3
5593,10
5594,20
5595,7
5596,20
5597,19
5598,12
5599,13
5600,4
5601,2
5602,9
5603,1
5604,1
5605,14
5606,5
5607,8
5608,5
5609,3
5610,1
5611,1
5612,3
5613,3
5614,10
5615,6
5616,12
5617,19
5618,6
5619,4
5620,10
5621,5
5622,7
5623,11
5624,19
5625,18
5626,5
5627,11
5628,16
5629,14
5630,8
5631,9
5632,17
5633,11
5634,8
5635,5
5636,17
5637,1
5638,9
5639,17
5640,3
5641,12
5642,6
5643,3
5644,2
5645,4
5646,2
5647,7
5648,19
5649,8
5650,5
5651,1
5652,18
5653,19
5654,2
5655,16
5656,3
5657,19
5658,9
5659,16
5660,19
5661,16
5662,6
5663,18
5664,5
5665,12
5666,18
5667,14
5668,1
5669,9
5670,20
5671,14
5672,18
5673,2
5674,5
5675,14
5676,16
5677,4
5678,16
5679,10
5680,11
5681,6
5682,6
5683,15
5684,8
5685,11
5686,18
5687,20
5688,15
5689,20
5690,19
5691,3
5692,9
5693,6
5694,20
5695,2
5696,13
5697,9
5698,11
5699,1
5700,17
5701,15
5702,15
5703,5
5704,12
5705,7
5706,10
5707,4
5708,5
5709,20
5710,12
5711,11
5712,15
5713,15
5714,1
5715,2
5716,19
5717,15
5718,12
5719,20
5720,10
5721,11
5722,12
5723,20
5724,19
5725,4
5726,17
5727,13
5728,8
5729,20
5730,18
5731,19
5732,7
5733,4
5734,16
5735,16
5736,2
5737,8
5738,12
5739,14
5740,17
5741,14
5742,12
5743,20
5744,5
5745,8
5746,3
5747,8
5748,4
5749,8
5750,13
5751,1
5752,13
5753,4
5754,1
5755,2
5756,7
5757,2
5758,9
5759,12
5760,15
5761,17
5762,15
5763,16
5764,12
5765,12
5766,20
5767,9
5768,20
5769,17
5770,10
5771,14
5772,1
5773,11
5774,20
5775,14
5776,13
5777,13
5778,7
5779,13
5780,13
5781,1
5782,8
5783,8
5784,7
5785,6
5786,3
5787,6
5788,20
5789,15
5790,1
5791,20
5792,7
5793,3
5794,7
5795,6
5796,12
5797,8
5798,3
5799,16
5800,12
5801,15
5802,13
5803,5
5804,13
5805,13
5806,1
5807,9
5808,20
5809,20
5810,17
5811,11
5812,12
5813,2
5814,10
5815,7
5816,18
5817,16
5818,19
5819,17
5820,18
5821,10
5822,5
5823,18
5824,8
5825,17
5826,18
5827,1
5828,3
5829,15
5830,6
5831,14
5832,4
5833,20
5834,3
5835,14
5836,19
5837,5
5838,9
5839,19
5840,17
5841,19
5842,6
5843,4
5844,2
5845,13
5846,5
5847,2
5848,8
5849,14
5850,8
5851,19
5852,12
5853,8
5854,5
5855,16
5856,18
5857,5
5858,3
5859,14
5860,16
5861,9
5862,10
5863,7
5864,12
5865,11
5866,11
5867,12
5868,16
5869,10
5870,11
5871,8
5872,16
5873,1
5874,7
5875,4
5876,9
5877,1
5878,6
5879,15
5880,20
5881,8
5882,5
5883,13
5884,12
5885,12
5886,19
5887,11
5888,2
5889,10
5890,10
5891,13
5892,2
5893,2
5894,4
5895,13
5896,15
5897,2
5898,16
5899,17
5900,15
5901,20
5902,16
5903,2
5904,2
5905,3
5906,2
5907,11
5908,5
5909,20
5910,8
5911,10
5912,13
5913,11
5914,13
5915,4
5916,9
5917,12
5918,10
5919,3
5920,15
5921,8
5922,8
5923,4
5924,15
5925,13
5926,1
5927,3
5928,4
5929,13
5930,19
5931,3
5932,20
5933,6
5934,13
5935,3
5936,17
5937,4
5938,9
5939,11
5940,14
5941,2
5942,3
5943,12
5944,11
5945,10
5946,7
5947,14
5948,10
5949,14
5950,7
5951,20
5952,8
5953,3
5954,10
5955,17
5956,11
5957,20
5958,11
5959,12
5960,18
5961,2
5962,14
5963,6
5964,17
5965,12
5966,6
5967,12
5968,8
5969,3
5970,6
5971,20
5972,4
5973,5
5974,17
5975,18
5976,4
5977,14
5978,14
5979,11
5980,4
5981,19
5982,19
5983,15
5984,12
5985,4
5986,7
5987,3
5988,13
5989,10
